position_x,position_y,position_z,orientation_x,orientation_y,orientation_z,orientation_w
0,0,0,0,0,0,0
0.062118944307401,-0.017328265873675,0.00450126154639,0.000789347702187,-0.000549305629642,1.87519476859883E-05,0.999999538063896
0.094004619371579,-0.026098712239195,0.006779017884409,0.001085402398951,-0.000349712292615,-7.23785498643558E-06,0.999999344348692
0.125576353332068,-0.034879882407103,0.008905962828558,0.001817549841287,-0.000153705151757,-0.000302483584099,0.999998286364994
0.157309845649788,-0.043914576911493,0.011062487028371,0.001656889022521,-0.000102236467334,-0.000187525372231,0.999998606740458
0.188652799134133,-0.052383909027106,0.013372253453397,0.000904053305882,-0.000546822142169,-0.000491497440087,0.999999321996936
0.220141977049711,-0.061021836101822,0.015566893139205,-0.000466758101928,-0.00105030921537,-0.000582643102284,0.999999172985212
0.252109190493027,-0.070088265359139,0.017935752296873,-0.002109325657816,-0.000894430013119,-0.000654366793589,0.999997161324763
0.285529186697554,-0.079370903753735,0.020528517472102,-0.003310294657651,-0.000484205533849,-0.000305208296784,0.99999435244396
0.317568405773833,-0.088325338292382,0.022841154890351,-0.003604724521793,-2.02404173608758E-05,-0.000485243837753,0.999993383862543
0.349161531575731,-0.097165902832307,0.025208935580287,-0.002341167015257,0.000688339487977,-0.000590238722128,0.999996840948837
0.381455027445968,-0.106290328853334,0.027424484862531,-0.000507225098005,0.000734048374203,-0.000282054629065,0.999999560415648
0.413909978545394,-0.115385372608176,0.029740990899968,0.000816437535758,-0.000453018109734,1.7391584391016E-05,0.999999567866232
0.445974727519664,-0.124369841684955,0.032009664519845,0.001290087499936,-0.001305338282135,0.000108682010344,0.999998308716774
0.47855203603991,-0.133428198870308,0.034505873817068,0.000375896430137,-0.001496742936136,-0.000117645769173,0.999998800455804
0.510590841924381,-0.142167574005224,0.036760604571687,-0.001404141515618,-0.000419062132644,-0.000618701594821,0.999998733400496
0.542581113554345,-0.150757306361407,0.039061266405374,-0.001412017707398,0.000991332086247,-0.001193256653505,0.999997794625712
0.57447399051105,-0.159576383634898,0.041269391315385,-0.000270256954518,0.001317437022185,-0.001490109174568,0.99999798089062
0.606270987471236,-0.168436911897124,0.043454128379159,0.001587807291024,0.000234544992935,-0.001342560068671,0.999997816977502
0.638524447514749,-0.177654897704088,0.045675311189633,0.001478063724549,-0.000684838141559,-0.001310129017519,0.999997816977502
0.670589425645,-0.186978645435226,0.047997524099287,0.001396551797222,-0.001567405780121,-0.001336643530674,0.999996908004272
0.702715589047414,-0.19579568860113,0.05037831231634,-0.000331706060322,-0.001478129963504,-0.001867062047002,0.99999710917055
0.735269252477414,-0.204943265320655,0.052936323014243,-0.00060578101728,-0.001894323915263,-0.001961699080149,0.999996095888146
0.768891513371374,-0.214664967664498,0.055507438418484,-0.00076142542289,-0.001566157814453,-0.001575093413595,0.999997235830778
0.801814261618846,-0.22419897633133,0.058159861571708,-0.000869406347689,-0.000973259893033,-0.001424259306883,0.999998137353116
0.835029930857744,-0.233228497238049,0.060736977767372,-0.001270661814573,-0.000105385999845,-0.00154348801271,0.999997995791811
0.867281213218244,-0.241761596391002,0.062689174012589,-0.002595060579894,-2.40310168736632E-05,-0.001542179019214,0.999995440234279
0.899825725331101,-0.251239211598406,0.065373841556169,-0.003648652258026,0.000318927297562,-0.001132046854699,0.999992653700547
0.93303323236426,-0.260372608131839,0.067716476999689,-0.004860516956316,0.000685478696146,-0.001233891321888,0.999987192369936
0.965300176051397,-0.269462265655885,0.069976410258077,-0.005400072052655,0.000821182280379,-0.001338281242222,0.999984182292293
0.99858222497485,-0.278482735152119,0.072263687473547,-0.0051425892944,0.000473574923518,-0.001285142539615,0.999985836345981
1.03158805648428,-0.288026298840422,0.074753126092722,-0.004908765994532,0.000297944901434,-0.001042152186865,0.99998736373547
1.06504509110693,-0.297596228748371,0.077201864997102,-0.004848333813032,0.000260206186235,-0.0005942193473,0.999988034295972
1.09999463255151,-0.307072460707281,0.079860597099945,-0.004830789297814,0.00077240835893,-0.000506068009301,0.999987900183908
1.13374423705505,-0.316800419988663,0.082237666116991,-0.004970450443144,0.00045444195372,0.000127302905389,0.999987535100974
1.16693164580805,-0.325983442497925,0.084496799418835,-0.005088150243309,0.000422632020162,0.000434131065432,0.999986871990816
1.19989444245707,-0.334874356209967,0.086782997386996,-0.005129439410729,0.000783373240972,0.000731872927452,0.999986268485683
1.23335078972719,-0.34389473552015,0.089306976041723,-0.004441813187552,0.00115732401439,0.000878836517968,0.999989077389193
1.26687579298749,-0.353013378457829,0.091650004743095,-0.004065503978328,0.000906375897607,0.000963530900714,0.99999085809582
1.30059673805793,-0.362481151998275,0.094164589189467,-0.003002609503821,0.000357291522324,0.001345027793464,0.999994523808267
1.33411871814383,-0.371455544131961,0.096699397508681,-0.002378171729035,0.000509857207647,0.001100603153379,0.99999644606674
1.36870586806223,-0.381018142706308,0.099140507224113,-0.00148857979831,0.000517684085828,0.000986814516624,0.999998271463808
1.40282379261464,-0.390558944764818,0.101787020964285,-0.000994726019056,0.000711892291674,0.000979704931726,0.999998778104036
1.4370194560195,-0.399996097169492,0.104147255955275,-0.000158284349497,0.000335412682342,0.000941935457507,0.999999478459222
1.47018864814088,-0.409460609894031,0.106722615595771,0.000798741961898,-0.000189211014323,0.000876543920206,0.999999277293421
1.50375471061412,-0.418788182650729,0.109068330272222,0.000329346627261,-0.000222776482519,0.000514182576947,0.999999783933139
1.53772703539655,-0.428004593260881,0.111527840402463,-0.000519524916074,-0.000170275424787,0.00026157647101,0.99999982118605
1.57066053640977,-0.436968775686979,0.113873587554653,-0.002314815556436,0.000676971194009,-0.000204253965046,0.999997071917539
1.60328650378228,-0.445705904981596,0.116326676974193,-0.004164937012591,0.001601161477831,-0.000589661454362,0.999989867159051
1.63643432623312,-0.455272640159383,0.118646520308711,-0.005696434481622,0.002028827618096,-0.000664383041665,0.999981492586535
1.66955879787947,-0.464158879881665,0.121039960904834,-0.008044546018631,0.002569968092536,-0.001227779315909,0.999963588349719
1.7037387879472,-0.473703504275166,0.123504070269477,-0.009653690179281,0.002797997900714,-0.001408880326174,0.999948492809838
1.73640373713363,-0.482795423735641,0.12627804611895,-0.010787550663366,0.003279809394499,-0.001811343957385,0.999934790392469
1.76889653601015,-0.491802494469456,0.128576878434109,-0.011421510665362,0.003306566349142,-0.002068350208808,0.999927167922409
1.80115977961866,-0.500698043138768,0.130955574328927,-0.009886772550431,0.003126822122427,-0.001939398523559,0.999944357516059
1.83313767096141,-0.509285556130046,0.133141576300424,-0.00927877171475,0.002536582134225,-0.002046233036544,0.999951644562802
1.8664350783468,-0.518583944927119,0.135464148271717,-0.00912187890477,0.002448531978322,-0.001811400460535,0.999953760627776
1.89933323470874,-0.527721570026256,0.138159940574794,-0.008998536224212,0.002574350656245,-0.001732533527389,0.9999546994439
1.9320889121676,-0.537348099711202,0.14022438393047,-0.008537221037084,0.002429926191118,-0.001057128928104,0.999960041737927
1.96389611905,-0.546267418386268,0.142683332004459,-0.008668006447483,0.002515555905273,-0.000653690035038,0.999959058221505
1.99537452737584,-0.554932673256129,0.144935463723008,-0.008387310588755,0.002759943107286,-0.000377132310148,0.999960950744669
2.02633248029689,-0.563020444342343,0.147084397761312,-0.007770219315841,0.002741978728985,-0.000352276608504,0.999965994971985
2.05817591969766,-0.572157922286261,0.149561553188441,-0.006387833986994,0.002793068528477,0.00048474681648,0.999975576698554
2.08936715677417,-0.580495056201781,0.151723144152391,-0.005409865976011,0.002491374002044,0.000451853889607,0.999982163150974
2.12107034627899,-0.589814016557512,0.153871736247109,-0.005024160062854,0.002139180183077,0.000982474641377,0.999984606982014
2.15219905509416,-0.598639970921151,0.156448937627029,-0.004486699114694,0.001992783980142,0.001352969935897,0.99998702845505
2.18313274819356,-0.606759462912094,0.158347683479206,-0.004250361951531,0.001628724763737,0.001024498165309,0.999989122093164
2.21555310918361,-0.61574659120305,0.160504566017314,-0.004034081214122,0.001421644147153,0.001150630345937,0.999990194987865
2.24702282129476,-0.624260789610519,0.162782696226253,-0.004897969718628,0.001210428285559,0.000817242216859,0.999986939046919
2.27746357528589,-0.632449928048384,0.164939738724003,-0.005552556115155,0.001429258065327,0.00038595459922,0.999983481926393
2.30569476719299,-0.640017729407823,0.167038852508289,-0.006091442634433,0.002076724485337,8.48529493311767E-05,0.99997928717143
2.33921592615524,-0.649367723351499,0.169476458702965,-0.007048081296389,0.002673715235981,0.000218582173259,0.999971568180258
2.37171855641332,-0.65819086513224,0.171796702536342,-0.006637358828086,0.001905912542658,0.000178454386564,0.999976142956349
2.40366234365484,-0.667457941992796,0.173978718611088,-0.006655801443969,0.000976207621885,0.000578606067979,0.999977208414226
2.43548777926445,-0.676186730251914,0.176471254285555,-0.006105929740532,0.000687873861825,0.000754663484967,0.999980836923093
2.46722516685461,-0.685242941637161,0.178702978156811,-0.004530033324484,0.000577907468036,0.001112219826736,0.999988950727932
2.49767109723201,-0.6937270825547,0.180897048830556,-0.003236606821111,0.001006973810538,0.000894338034698,0.999993853252116
2.52775283767066,-0.702033935816066,0.183154136374237,-0.002460902312187,0.001158197299214,0.000597026096548,0.999996125690584
2.55880957396494,-0.710602459039724,0.185256890170732,-0.001885927834544,0.000452577121065,0.000398908824944,0.999998040495383
2.58966070917607,-0.719198176323371,0.187498029244254,-0.002959581129517,-0.000104090207657,0.000253211603256,0.999995581795946
2.62068536742687,-0.727681534118343,0.18977804696308,-0.004078966094197,-0.000674865194259,-0.000186788142101,0.999991439246251
2.65132105778024,-0.736104758504612,0.192173343631357,-0.0052738815541,-0.000103796397733,-0.000560818828087,0.99998592575421
2.68219050955756,-0.744196113035426,0.194320595385112,-0.006198916002653,0.000513970167859,-0.001539001283177,0.999979473439785
2.71308301143605,-0.752985827005742,0.196603133386246,-0.005951692692285,0.001512032284743,-0.001671592026569,0.99997975656762
2.7446726439448,-0.762212454853486,0.198950698638647,-0.005295639680446,0.001576456671529,-0.00165455780833,0.999983370165832
2.77665574585701,-0.771077233851525,0.201016251083336,-0.005583783299594,0.001143887013826,-0.001805593111322,0.999982125897406
2.80748384690915,-0.779812613994418,0.203438561855361,-0.006547690608156,0.00149108792552,-0.002369705134696,0.9999746453528
2.83939903184877,-0.78869633626814,0.205682287712631,-0.007115777840431,0.001599902765031,-0.002561911183725,0.999970122725481
2.87021333580477,-0.797714008240625,0.207865461133579,-0.007331677158437,0.001278537241423,-0.002943799942535,0.999967969441036
2.90142069512823,-0.80661877440095,0.210311887122352,-0.007784441782958,0.00125411624988,-0.003286524913506,0.999963513841197
2.93303501713299,-0.81574504102745,0.212551281443315,-0.007419053393671,0.000967532765886,-0.003487992432796,0.999965927914477
2.96472694064744,-0.824898311766982,0.214824542553649,-0.007084931913233,0.001224661982496,-0.003497259394116,0.999968029047587
2.99518425616744,-0.833166834544339,0.217246062370046,-0.006988708480555,0.001466166993381,-0.003973296115999,0.999966605940183
3.02527124796616,-0.841485602379463,0.219561523959413,-0.00675265564628,0.001595956311981,-0.004259639491815,0.999966859268351
3.0560323913561,-0.850508891862814,0.221866984984193,-0.005811231402758,0.001384272740335,-0.003958730619109,0.999974324969659
3.08691137683659,-0.859233951768043,0.224014687090887,-0.004700865537092,0.001305618924391,-0.003768479249305,0.999980993388272
3.11580482939841,-0.867637790208717,0.226033497989244,-0.004486594431006,0.001091872741535,-0.003972323236646,0.999981455332942
3.14571034645894,-0.876293525769664,0.228135366618581,-0.004120660758764,0.00083309972825,-0.003473654242906,0.999985128530548
3.17621715348527,-0.884960786669364,0.230510237767424,-0.003304535573431,0.001072366505804,-0.003039673225998,0.999989345612988
3.20595358625199,-0.893714652111928,0.232619831652288,-0.002697241131429,0.000950983289457,-0.002563842973403,0.999992623898006
3.23534305293752,-0.901958922685591,0.234636788388161,-0.002310754197695,0.000740543814743,-0.002055836182395,0.999994941042978
3.26535127297091,-0.910658678289104,0.236677148707938,-0.002288087839249,0.000441315229193,-0.001543863487187,0.999996088437536
3.29573412388924,-0.919495967712272,0.238933819044248,-0.001776785581642,0.000277678681169,-0.000903034200896,0.999997973440024
3.32516899979314,-0.927867509721539,0.241025253590064,-0.000805715519033,-0.000934102916053,-0.000680747534442,0.999999009072289
3.35598015494277,-0.936944679217082,0.243241105574308,0.00165046446506,-0.00175702891638,0.000112347548436,0.999997086818743
3.38627578466701,-0.945438501731226,0.245316158601473,0.005390855253251,-0.00211413822124,0.000703477601336,0.999982982729123
3.41598863480131,-0.953561644078273,0.2476185134286,0.008376106676602,-0.002259805859036,0.001061878974885,0.999961800143665
3.44568367064557,-0.962038619124228,0.249796792328095,0.010014786439638,-0.003968737563515,0.001533871978325,0.999940803385038
3.47668928868921,-0.970861173548841,0.252137410584963,0.009319612277856,-0.004845098328025,0.001580117172316,0.99994359006326
3.50724132558978,-0.979160113519226,0.254365722845612,0.007494707207214,-0.0052413871402,0.00093472615935,0.999957739413876
3.53747692411961,-0.987251185474284,0.256909538559889,0.007620308111548,-0.005017346740682,0.00034079686311,0.999958320583554
3.56817269971969,-0.99595866437665,0.259342325065314,0.009231496317621,-0.004111528349183,8.66013675613209E-05,0.99994893241664
3.59898562797259,-1.00457728405125,0.261529967159631,0.011399883714784,-0.003793585603194,-0.00023981282818,0.99992778636545
3.6298992561732,-1.01352804876968,0.263549504657986,0.012811772826256,-0.004084219703427,2.38141023738001E-05,0.99990958311685
3.6604370403235,-1.02227115067497,0.265811712056611,0.013826523962303,-0.004306386186711,0.000182104485864,0.999895120127624
3.69129948161087,-1.03111268231714,0.268175865366112,0.013098001721468,-0.003706665654196,-0.000133384905352,0.999907332835514
3.72420304897722,-1.03994086674173,0.27054261384178,0.010897983958769,-0.003382641969872,-0.00080332349417,0.99993456686045
3.75559277590524,-1.04883371800885,0.272712135893184,0.008755213889524,-0.003896622997785,-0.00118601345733,0.999953373179594
3.78596087482172,-1.05684137301496,0.274908853716254,0.007046719131333,-0.00352659461919,-0.001598921769651,0.999967678859042
3.81753256443668,-1.06574983623459,0.277419738775839,0.006646656707791,-0.002884825496088,-0.001629463276653,0.999972425021021
3.8493222344286,-1.07490651273296,0.279785230017981,0.005285430321334,-0.002773986140382,-0.00135379074004,0.999981261614235
3.88085818931252,-1.08382226325867,0.282143855249017,0.00442890162204,-0.00351966238285,-0.001089120252456,0.999983407419354
3.91108907178771,-1.09235536901046,0.284310616155963,0.002363426110859,-0.003999988207715,-0.000972267046439,0.999988734658684
3.94225206301648,-1.10105194998111,0.286731294629315,-0.000487081042509,-0.003789595599057,-0.000844371889616,0.999992340773814
3.97264758337846,-1.10954575904351,0.289301899282688,-0.002539796184156,-0.002676150420443,-0.001305399041756,0.999992340773814
4.00386876426639,-1.11815626674235,0.291607224789959,-0.003726169374208,-0.001563885600129,-0.001670495580801,0.999990433408754
4.03389155318618,-1.12631009418795,0.294144961623819,-0.003831389821242,-0.000657281254293,-0.002112646066903,0.999990217339826
4.06552828918028,-1.13540738208598,0.296573297779879,-0.002810184949878,-0.00070306973095,-0.001617019178666,0.999994494005781
4.09657306815378,-1.14389824038523,0.298930162666932,-0.001512194552007,-0.000983323290366,-0.000973143389368,0.999997898934064
4.12790466263641,-1.15298438179975,0.301162505274667,-0.001223193593978,-0.002630101238569,0.00021350625453,0.999995768061266
4.15917875644783,-1.16160367431984,0.303707019733068,-0.002214308212328,-0.003880767384487,0.000781415649107,0.999989710695261
4.18986786021859,-1.17003055715267,0.305996985315764,-0.005039701197031,-0.003633780891409,0.000756297371631,0.999980419682497
4.21984029612209,-1.17854891003391,0.308604067329828,-0.006698228152092,-0.002662041785226,0.000493015530121,0.999973900275571
4.24590909482688,-1.18862238270685,0.309741751308407,-0.006860300835081,-0.001488973220864,0.001209972107074,0.999974623000491
4.28194532527226,-1.1951085380275,0.313315424327135,-0.008561911236477,-0.000376730035996,-4.8652128433052E-05,0.999963267963036
4.3151798930004,-1.20434788004974,0.315416870500726,-0.007630767589598,-0.00033330126136,0.000115163222722,0.999970823100737
4.34855367722649,-1.21337484518696,0.317952051405739,-0.006751189581233,-0.000427768298105,-2.56250474857461E-05,0.999977119005217
4.38101863747233,-1.22245275877871,0.32052900262094,-0.005914931380011,-0.000518522285555,9.29057175560592E-05,0.99998237177093
4.41207143386197,-1.23140460229973,0.322802925254876,-0.003910803184598,-0.000631838027737,1.18987333198406E-05,0.999992154507856
4.44256899353318,-1.23984427892389,0.325106651214399,-0.001965244254185,-0.000643164469896,-0.00024676537965,0.999997831878696
4.47485085663388,-1.24914439655629,0.327167254590372,7.85175016884946E-05,-0.000844568638687,-0.000263230557074,0.99999960511915
4.50665381213562,-1.2579959209896,0.329635066174836,0.001028137185229,-0.000976723931849,-0.000429740951863,0.999998904764052
4.53895142559528,-1.26771054835412,0.332018264930119,0.000273269412391,-0.002350301249999,-0.000211872256673,0.999997176225967
4.57121084712386,-1.27622116347232,0.334248705136528,-0.004153205838728,-0.003260873503474,-0.000628429795285,0.999985858698039
4.60379815320785,-1.28482464773049,0.337050474461827,-0.008683966179838,-0.001857996780282,-0.001735735838882,0.999959065672391
4.63838221807457,-1.29432887706666,0.339718233778684,-0.011621267747944,0.000443343909593,-0.002205420431083,0.999929939736427
4.67067927955117,-1.30345244051617,0.342031337094073,-0.011811703881188,0.00125817722131,-0.002453524313208,0.999926437712062
4.70439670957552,-1.31271081916868,0.344643680786586,-0.01137924565857,0.001178360203195,-0.002339746477344,0.999931824863613
4.73630361956618,-1.32182978387644,0.346936007776331,-0.009423240826128,0.000645138130125,-0.001658349481455,0.999954013959198
4.76852158261455,-1.33108086885112,0.349245978111266,-0.008653023591783,8.30146698673171E-05,-0.001266621356862,0.999961755438473
4.80131894038661,-1.34042977453972,0.351733761449834,-0.008848425416213,-1.32939000520178E-05,-0.001073008597515,0.999960272715129
4.83471451353973,-1.34975531918668,0.354280741221998,-0.009575109219795,0.000237150043405,-0.000953102744758,0.999953678667596
4.86678739541527,-1.35871252937083,0.356664798704984,-0.009753075472991,0.000752735593143,-0.001020279820575,0.99995162966092
4.89977231686433,-1.3674984806125,0.359178864767487,-0.009481413000804,0.00045374741889,-0.001000333620635,0.999954453563572
4.93223610427629,-1.3763630404704,0.361592353674737,-0.009822915059802,4.16053248921859E-05,-0.001054723590021,0.999951197506248
4.96568494233927,-1.38587673420362,0.364213194655787,-0.008973603767948,-0.000160967769048,-0.000574256380334,0.999959557430719
4.99912053821157,-1.39537959430893,0.366712841206552,-0.009288897234975,-0.000228289960736,-0.000415067477823,0.999956740993383
5.03170294128049,-1.40462982486165,0.36942226446489,-0.009193058542189,-0.000163709253938,-0.000203532683391,0.999957709610293
5.06471678153052,-1.41385670113909,0.371906439540356,-0.009318465223825,-0.000288858787016,-0.000109113718278,0.999956539818984
5.09769634619275,-1.42254593341917,0.374313918426989,-0.010120145522876,-0.000251734011461,-0.000345174834229,0.999948693985856
5.13199417492125,-1.43222951460062,0.377147040077975,-0.009675434927524,-0.000204906756682,-0.000121732931594,0.999953157102659
5.16487347447311,-1.44113627964683,0.379397663389169,-0.01013276338849,-0.00035792451684,-0.000147170226211,0.99994858967237
5.19903614473909,-1.45029883652813,0.381941503422546,-0.009949148485973,-0.000465526335204,-0.000281013136377,0.999950355549197
5.23260787102518,-1.45982337630653,0.384699698552438,-0.009088239809064,-0.00056661922689,-0.000152754340192,0.999958529208484
5.26690622474128,-1.46920605091717,0.387125497199037,-0.00862795015582,-0.000853452858504,-0.000246350758596,0.999962388761844
5.30170683452449,-1.47905150935605,0.38988681915261,-0.007930926960547,-0.000787284813111,-0.000114289304594,0.999968237670492
5.33460373404542,-1.48791134729729,0.392660027359018,-0.007578369040605,-0.000528725426276,-0.000352001391907,0.999971083878632
5.36935616805633,-1.497615573562,0.395265128983176,-0.00836636991223,-0.000662621427272,-0.000316676602447,0.999964735780252
5.4035267204159,-1.50722128054846,0.397931980449153,-0.008194270946162,-0.000838918562996,-0.000320234913256,0.99996602477532
5.43820855867185,-1.51702370809749,0.400595242249239,-0.008923981029271,-0.000376405359515,-0.000438844070966,0.999960011934414
5.4727214802365,-1.52669649311857,0.402991460624711,-0.008530081122169,0.000136004741979,-0.00058055271217,0.99996343933267
5.50709325547019,-1.53642925221849,0.405696743204673,-0.008516331208508,0.000321297386298,-0.000565196453591,0.999963528742902
5.54226777960242,-1.54618509828399,0.408197567654565,-0.008466939415332,-0.000426061947223,-0.000778935178392,0.999963759719298
5.57606968953041,-1.55544818787638,0.410885901837626,-0.008702209879471,-0.000694769908181,-0.000943075841337,0.999961449952938
5.60981974582554,-1.5650478261075,0.413443280852251,-0.008984312306563,-0.000462169954276,-0.000907718176964,0.999959117828589
5.64489323184218,-1.57505405523477,0.416225028161576,-0.008477379145636,-8.16803227434627E-05,-0.000449460510991,0.999963960892244
5.67942878846285,-1.58443932175846,0.418752763503522,-0.008668163821643,-7.84652855620965E-05,-0.000532984870171,0.999962284449787
5.71337863225019,-1.59440210824641,0.421235472727351,-0.008976602475332,-0.000149036485927,-6.29204956676695E-05,0.999959691546585
5.74786510060864,-1.60414789516463,0.423882686766622,-0.009489769451007,0.00011481332405,-7.35857552107663E-06,0.999954967676917
5.78237546989422,-1.61341359373645,0.426265543745136,-0.010420816881341,2.4882491624042E-05,-0.000485323820462,0.999945579478524
5.81635397404036,-1.62252014093171,0.428339013608659,-0.010608140970873,-0.000229119609844,-0.000641938134815,0.999943493200244
5.85107335014263,-1.63260660323246,0.431208248978761,-0.009854289322211,-0.000236274308998,-0.000135705487599,0.999951413583608
5.88722312086138,-1.64302469160061,0.4340580403568,-0.008791148269725,-1.96545560782655E-05,0.000429216078592,0.999961271132094
5.92049171157941,-1.65224210590603,0.436332148993746,-0.007668703896186,-0.000472932886106,0.000554925728278,0.999970323897147
5.95454675090571,-1.66152982729608,0.438881312416287,-0.007483631594705,-0.001105364371169,0.000451724283293,0.999971285050105
5.99003530232802,-1.67155967258436,0.441783424739747,-0.007137977350677,-0.001349608012656,0.000732814463657,0.999973341467286
6.02391132504834,-1.68111721364688,0.444427482468801,-0.006041697762089,-0.000882015465292,0.000716813530634,0.999981105149098
6.05829414668106,-1.69082281383272,0.447023481007994,-0.005335528389409,-0.000458408448006,0.00062246806158,0.999985471262294
6.09166407046999,-1.69973934847749,0.449353088405395,-0.004766366181362,-0.001080649903645,0.0003644531069,0.999987989591953
6.12662704757361,-1.70957057361855,0.452337232047138,-0.003877255207647,-0.001346128407447,0.000431785195377,0.999991483950116
6.16022666034679,-1.71886766322089,0.454710445895091,-0.004157748826209,-0.001374749552449,0.000114209455321,0.999990411056798
6.19496738006178,-1.72843169645919,0.457437496439393,-0.004605508267887,-0.001111888604047,-0.000227497487029,0.999988757010677
6.22880849695307,-1.73771162984247,0.459995556451542,-0.005990470410551,-0.000941250196837,-0.000855407945026,0.999981246712795
6.26978165596463,-1.74873343130062,0.463087378833112,-0.005456645084377,-0.000521335074377,-0.001849810523143,0.999983265855964
6.30423054418621,-1.75846998690716,0.465585157634036,-0.00607106077385,-0.000490048478597,-0.002084456050894,0.99997927226996
6.33857132865978,-1.76794033883313,0.468225837956864,-0.006388419734951,-0.000677664154145,-0.002696489343027,0.999975733164556
6.37398796638819,-1.77793186635708,0.471035739718233,-0.006081190798902,-0.000803332700271,-0.003045770763969,0.999976545297219
6.40831891369746,-1.78765496355958,0.473341271643216,-0.005362948713294,-0.001009235800028,-0.003220837135966,0.999979927934428
6.44337406962108,-1.79772450914468,0.476119729139693,-0.004543579906443,-0.000632867224816,-0.003503416124386,0.999983340363014
6.47814734810104,-1.80747377608838,0.478743637736283,-0.004392958830561,-0.000747208028815,-0.003882762566395,0.99998253568658
6.51295174175289,-1.81772121698059,0.481540362028433,-0.004338480960606,-0.001748075426697,-0.003620793097285,0.999982513334447
6.54809371152956,-1.82784915462281,0.484267468404627,-0.003620710937128,-0.002736910556198,-0.0031762407808,0.99998465913688
6.58166082248355,-1.83718793571681,0.4869636584507,-0.003683624781867,-0.002778818808186,-0.003020749705853,0.999984800700073
6.61550282270478,-1.84661669094508,0.489227023293172,-0.003219909180551,-0.003144295999243,-0.002886343433866,0.999985709684309
6.64978337187867,-1.85668029650683,0.49229333410779,-0.003209083893656,-0.003043137081919,-0.002158234531264,0.999987892733237
6.6827805048898,-1.86612265990634,0.494915047683562,-0.003305108622508,-0.003287365076475,-0.001786969699386,0.999987535100974
6.71717859660138,-1.8757402734904,0.497544966186266,-0.003138572361818,-0.003074607483587,-0.001721087339631,0.999988861319972
6.75067144463134,-1.88538911619799,0.499957460958882,-0.002550363584554,-0.003192742192561,-0.001371028406056,0.999990716533485
6.78466144086664,-1.89506964257879,0.502812312210361,-0.002202068519714,-0.002624980050066,-0.000759179230309,0.999993838350863
6.8186186881074,-1.90466344286855,0.505416733593069,-0.003037816302453,-0.001845943380683,-0.0005787920107,0.999993510523244
6.85270985865513,-1.91412422833941,0.507842329259185,-0.003121953831878,-0.001877051296805,-0.00095936373136,0.999992907022116
6.88983004162584,-1.92468251193167,0.510785162065493,-0.003494990535647,-0.001736171511834,-0.001302051318896,0.999991536104623
6.92491213772765,-1.93472646109847,0.513380479885334,-0.002929856107034,-0.002007610652555,-0.001250413607974,0.99999291447275
6.9597839059771,-1.94475575998114,0.515825915737463,-0.002295698561822,-0.002781654177178,-0.001162300891614,0.999992825065145
6.99517761341313,-1.95477575069933,0.518550371592899,-0.00145291005211,-0.003786939971042,-0.001339897567254,0.999990880447766
7.03061586359153,-1.96474894356136,0.521444263907404,-0.001431622174511,-0.004126168915634,-0.001485198821874,0.999989360514308
7.06575569718452,-1.97444089984177,0.524528661901909,-0.001568409829233,-0.004321199501115,-0.000616636121167,0.999989248754404
7.10116485165865,-1.98421471264491,0.527166366918601,-0.002326599621562,-0.003917183666173,0.000111049532418,0.999989613836712
7.1369828738663,-1.99421851624316,0.53008714413413,-0.00276312206584,-0.002484459568928,0.000293283635266,0.999993056034774
7.17336664468059,-2.00442036215555,0.532780398119253,-0.002067257882152,-0.00160708748917,0.000125678476822,0.999996565276446
7.20960949125367,-2.01479650687423,0.535383270660663,-0.001669748008818,-0.001648842203174,0.000300564291862,0.999997198577772
7.24533949840376,-2.02457425693678,0.538108057880079,-0.001072293583406,-0.00217518364861,0.000203622270625,0.999997042115128
7.28096964102408,-2.03450565768429,0.540895553698771,-0.000642925851575,-0.002279069855515,9.36754379891956E-05,0.99999719112717
7.3166322342805,-2.04450158394252,0.543453661037751,-0.001036096489335,-0.002360535480459,8.11250369238436E-06,0.999996677035533
7.353829589816,-2.05554924385049,0.546610391857881,-0.00047020715906,-0.002328451900063,0.000328803129117,0.999997124071754
7.3887078759371,-2.06446045242371,0.549405243703184,-0.001760710078954,-0.002202840968413,-0.000404441785295,0.99999593942533
7.42562785512436,-2.07444617622925,0.552193437423457,-0.001976824746528,-0.002362589341694,-0.000745462388306,0.999994978296069
7.46098341679221,-2.08483336118638,0.554912937697277,-0.001313026863389,-0.00193506198648,-0.000844963441168,0.999996908004272
7.49735965538697,-2.09488371693796,0.557781413130725,-0.000825171158234,-0.001718366149908,-0.000862587241044,0.999997809526905
7.53092619043619,-2.10429037667383,0.55999590099418,-0.000471192356005,-0.002393469079688,-0.001016847326157,0.999996505671595
7.56386584538029,-2.11351920285338,0.562658186243821,-0.00108398218108,-0.002104413231691,-0.001382431676643,0.99999623744972
7.60043755390252,-2.1234469398898,0.565538281520231,-0.002545647686841,-0.00245947785526,-0.001251329407184,0.999992951725916
7.63519491232422,-2.13300873516201,0.567960016801411,-0.003507361363607,-0.00358771403899,-0.00124828620164,0.999986633569078
7.66904312924737,-2.14290063677535,0.57077749183124,-0.003937321420634,-0.003116466669576,-0.000873918883033,0.999987006103018
7.70438457430025,-2.15293632197276,0.573699318280909,-0.004225085940061,-0.001830455634364,-0.000265387627581,0.999989367964968
7.73947521092371,-2.16265333863254,0.576496157816175,-0.004464510431625,-0.000581025387243,6.19684236891248E-05,0.999989867159051
7.7753370245424,-2.17271304862319,0.579215183546578,-0.00455796678622,-0.00104105878192,0.000386223864561,0.999989002882571
7.81012936957664,-2.18236407985094,0.581978370284593,-0.004473508545144,-0.001631753840149,0.001023282210901,0.999988138605343
7.84384713543039,-2.19224619676667,0.584718191092497,-0.003727982844482,-0.001334201712791,0.001962179275636,0.999990232241133
7.87903892249338,-2.20136749949244,0.587388111176898,-0.003326218037975,-0.001268420973074,0.002107940134038,0.999991446696895
7.91400565508822,-2.21093147316508,0.589980216027488,-0.003215430640649,-0.001740117618808,0.002088275277492,0.999991133769785
7.94829605841038,-2.22060376702458,0.592659464046986,-0.002813824988036,-0.002055926319018,0.002318611061237,0.999991245529478
7.98256914510341,-2.23024320357282,0.595285549033383,-0.002737136378496,-0.002419303109356,0.002532417079688,0.999990113030672
8.01683735464647,-2.23940255589305,0.597994493830369,-0.002652604802965,-0.002483391442373,0.002375899855252,0.999990574971129
8.05220505838581,-2.24897523248629,0.600834492893877,-0.00252186802267,-0.002667215662692,0.002302651373516,0.999990612224383
8.08532226974684,-2.2582454293358,0.603567527759154,-0.002176930095359,-0.002735355642499,0.002551593500138,0.999990634576334
8.11995970006774,-2.26784555939142,0.606118388681289,-0.001571390659671,-0.002956899541736,0.002592091515102,0.999991036911374
8.15489452215277,-2.27719513812437,0.608970512607847,-0.001851655837296,-0.003025652741972,0.002507317130666,0.999990567520478
8.19002650438156,-2.28689250267416,0.611885201939346,-0.001008786604607,-0.00359265098875,0.002545687277685,0.999989792652487
8.22486214931871,-2.29614069468617,0.614528848221458,-0.000595757240207,-0.003107797483003,0.002197099390023,0.999992579194191
8.26006853353069,-2.3059028525958,0.617402110290489,0.000290632265867,-0.002967482940472,0.002379556377087,0.999992728206898
8.29531227010022,-2.31551983607372,0.619968116936307,0.000461212822388,-0.003568643547283,0.002571483366584,0.99999022479048
8.32965342608755,-2.3249231268793,0.622752961680972,-0.000181572959482,-0.003573123275219,0.002430119126058,0.999990642026984
8.36472194993336,-2.33408695590669,0.625213747619455,-0.000867963890749,-0.003260379109883,0.001978249292223,0.999992348224452
8.39809701797202,-2.34327573485017,0.627866579693218,-0.001557270482033,-0.002863759749328,0.001870739113262,0.999992929374017
8.43288575937757,-2.35307217150206,0.630539666650595,-0.002029557928505,-0.003029239617463,0.001942555009779,0.999991461598184
8.46766277051144,-2.36238840250675,0.633488920934255,-0.001963306909888,-0.003088317592277,0.001542358069746,0.999992117254659
8.50377584887775,-2.37231280800668,0.636184210890335,-0.001354757220249,-0.003330143273649,0.001994092698617,0.999991543555267
8.53926332786393,-2.38221814176158,0.639060231614739,-0.001431289276901,-0.003292275836569,0.001917920060497,0.999991722370697
8.5740242496985,-2.39180103222957,0.641880492559406,-0.002176781250036,-0.00290785028838,0.001576804458572,0.999992161958495
8.60933389763485,-2.40111647118236,0.644541349577837,-0.003506389991626,-0.002639539703148,0.001423141587937,0.999989353063648
8.64454868242503,-2.41066612168916,0.647384181568233,-0.004811933170982,-0.002667687989894,0.001232853727365,0.999984100334606
8.67954301935576,-2.42052049932476,0.650096326847542,-0.005380419237095,-0.002796368222919,0.001243422925442,0.999980844373816
8.7130620347235,-2.42914772521709,0.652596489474751,-0.006643025830898,-0.002774502912473,0.000396533685333,0.999974004586417
8.74644113308608,-2.43938494352932,0.655027354119583,-0.00321596885988,-0.002600613946356,0.001656117637341,0.9999900757774
8.78149703774425,-2.44887931711,0.658444551194494,-0.006172882544844,-0.001868054922109,0.001264884332674,0.999978400533581
8.81647560364301,-2.45842843439369,0.660896764290651,-0.006447689071193,-0.002258511558235,0.001055894736535,0.999976105702557
8.85052226216314,-2.46771447902175,0.663844764539693,-0.006388728153029,-0.00186287313101,0.000966903819181,0.99997738723222
